p1,b1,b2,b3,b4,b5,con
participant_id,participant_id,participant_id,participant_id,participant_id,participant_id,devGenes_id
bapq_p1_timestamp,bapq_timestamp,bapq_2_timestamp,bapq_3_timestamp,bapq_4_timestamp,bapq_5_timestamp,bapq_timestamp
bapq_1_p1,bapq_1,bapq_1_v2,bapq_1_v2_v3,bapq_1_v2_v3_v4,bapq_1_v2_v3_v4_v5,bapq_1
bapq_2_p1,bapq_2,bapq_2_v2,bapq_2_v2_v3,bapq_2_v2_v3_v4,bapq_2_v2_v3_v4_v5,bapq_2
bapq_3_p1,bapq_3,bapq_3_v2,bapq_3_v2_v3,bapq_3_v2_v3_v4,bapq_3_v2_v3_v4_v5,bapq_3
bapq_4_p1,bapq_4,bapq_4_v2,bapq_4_v2_v3,bapq_4_v2_v3_v4,bapq_4_v2_v3_v4_v5,bapq_4
bapq_5_p1,bapq_5,bapq_5_v2,bapq_5_v2_v3,bapq_5_v2_v3_v4,bapq_5_v2_v3_v4_v5,bapq_5
bapq_6_p1,bapq_6,bapq_6_v2,bapq_6_v2_v3,bapq_6_v2_v3_v4,bapq_6_v2_v3_v4_v5,bapq_6
bapq_7_p1,bapq_7,bapq_7_v2,bapq_7_v2_v3,bapq_7_v2_v3_v4,bapq_7_v2_v3_v4_v5,bapq_7
bapq_8_p1,bapq_8,bapq_8_v2,bapq_8_v2_v3,bapq_8_v2_v3_v4,bapq_8_v2_v3_v4_v5,bapq_8
bapq_9_p1,bapq_9,bapq_9_v2,bapq_9_v2_v3,bapq_9_v2_v3_v4,bapq_9_v2_v3_v4_v5,bapq_9
bapq_10_p1,bapq_10,bapq_10_v2,bapq_10_v2_v3,bapq_10_v2_v3_v4,bapq_10_v2_v3_v4_v5,bapq_10
bapq_11_p1,bapq_11,bapq_11_v2,bapq_11_v2_v3,bapq_11_v2_v3_v4,bapq_11_v2_v3_v4_v5,bapq_11
bapq_12_p1,bapq_12,bapq_12_v2,bapq_12_v2_v3,bapq_12_v2_v3_v4,bapq_12_v2_v3_v4_v5,bapq_12
bapq_13_p1,bapq_13,bapq_13_v2,bapq_13_v2_v3,bapq_13_v2_v3_v4,bapq_13_v2_v3_v4_v5,bapq_13
bapq_14_p1,bapq_14,bapq_14_v2,bapq_14_v2_v3,bapq_14_v2_v3_v4,bapq_14_v2_v3_v4_v5,bapq_14
bapq_15_p1,bapq_15,bapq_15_v2,bapq_15_v2_v3,bapq_15_v2_v3_v4,bapq_15_v2_v3_v4_v5,bapq_15
bapq_16_p1,bapq_16,bapq_16_v2,bapq_16_v2_v3,bapq_16_v2_v3_v4,bapq_16_v2_v3_v4_v5,bapq_16
bapq_17_p1,bapq_17,bapq_17_v2,bapq_17_v2_v3,bapq_17_v2_v3_v4,bapq_17_v2_v3_v4_v5,bapq_17
bapq_18_p1,bapq_18,bapq_18_v2,bapq_18_v2_v3,bapq_18_v2_v3_v4,bapq_18_v2_v3_v4_v5,bapq_18
bapq_19_p1,bapq_19,bapq_19_v2,bapq_19_v2_v3,bapq_19_v2_v3_v4,bapq_19_v2_v3_v4_v5,bapq_19
bapq_20_p1,bapq_20,bapq_20_v2,bapq_20_v2_v3,bapq_20_v2_v3_v4,bapq_20_v2_v3_v4_v5,bapq_20
bapq_21_p1,bapq_21,bapq_21_v2,bapq_21_v2_v3,bapq_21_v2_v3_v4,bapq_21_v2_v3_v4_v5,bapq_21
bapq_22_p1,bapq_22,bapq_22_v2,bapq_22_v2_v3,bapq_22_v2_v3_v4,bapq_22_v2_v3_v4_v5,bapq_22
bapq_23_p1,bapq_23,bapq_23_v2,bapq_23_v2_v3,bapq_23_v2_v3_v4,bapq_23_v2_v3_v4_v5,bapq_23
bapq_24_p1,bapq_24,bapq_24_v2,bapq_24_v2_v3,bapq_24_v2_v3_v4,bapq_24_v2_v3_v4_v5,bapq_24
bapq_25_p1,bapq_25,bapq_25_v2,bapq_25_v2_v3,bapq_25_v2_v3_v4,bapq_25_v2_v3_v4_v5,bapq_25
bapq_26_p1,bapq_26,bapq_26_v2,bapq_26_v2_v3,bapq_26_v2_v3_v4,bapq_26_v2_v3_v4_v5,bapq_26
bapq_27_p1,bapq_27,bapq_27_v2,bapq_27_v2_v3,bapq_27_v2_v3_v4,bapq_27_v2_v3_v4_v5,bapq_27
bapq_28_p1,bapq_28,bapq_28_v2,bapq_28_v2_v3,bapq_28_v2_v3_v4,bapq_28_v2_v3_v4_v5,bapq_28
bapq_29_p1,bapq_29,bapq_29_v2,bapq_29_v2_v3,bapq_29_v2_v3_v4,bapq_29_v2_v3_v4_v5,bapq_29
bapq_30_p1,bapq_30,bapq_30_v2,bapq_30_v2_v3,bapq_30_v2_v3_v4,bapq_30_v2_v3_v4_v5,bapq_30
bapq_31_p1,bapq_31,bapq_31_v2,bapq_31_v2_v3,bapq_31_v2_v3_v4,bapq_31_v2_v3_v4_v5,bapq_31
bapq_32_p1,bapq_32,bapq_32_v2,bapq_32_v2_v3,bapq_32_v2_v3_v4,bapq_32_v2_v3_v4_v5,bapq_32
bapq_33_p1,bapq_33,bapq_33_v2,bapq_33_v2_v3,bapq_33_v2_v3_v4,bapq_33_v2_v3_v4_v5,bapq_33
bapq_34_p1,bapq_34,bapq_34_v2,bapq_34_v2_v3,bapq_34_v2_v3_v4,bapq_34_v2_v3_v4_v5,bapq_34
bapq_35_p1,bapq_35,bapq_35_v2,bapq_35_v2_v3,bapq_35_v2_v3_v4,bapq_35_v2_v3_v4_v5,bapq_35
bapq_36_p1,bapq_36,bapq_36_v2,bapq_36_v2_v3,bapq_36_v2_v3_v4,bapq_36_v2_v3_v4_v5,bapq_36
bapq_p1_complete,bapq_complete,bapq_2_complete,bapq_3_complete,bapq_4_complete,bapq_5_complete,bapq_complete
